{
  "txt": "Text: 0.5476128513744251",
  "zahl": 4,
  "gleitZahl": 0.54761285,
  "datum": 1567686071576,
  "liste": [
    "Eins",
    "Zwei",
    "Drei"
  ],
  "komplexeListe": [
    {
      "txt": "Text: 0.8696614536641303",
      "zahl": 6,
      "gleitZahl": 0.86966145
    },
    {
      "txt": "Text: 0.23538353676819646",
      "zahl": 2,
      "gleitZahl": 0.23538354
    },
    {
      "txt": "Text: 0.5419480721326653",
      "zahl": 4,
      "gleitZahl": 0.5419481
    }
  ]
}